,datetime,o,h,l,c,time,date
0,2020-01-30 09:00:00,11933.23,11933.23,11573.76,11628.43,09:00:00,2020-01-30
1,2020-01-30 10:00:00,11628.41,11637.68,11517.63,11531.2,10:00:00,2020-01-30
2,2020-01-30 11:00:00,11531.37,11555.53,11484.2,11489.11,11:00:00,2020-01-30
3,2020-01-30 12:00:00,11489.52,11489.52,11431.98,11436.66,12:00:00,2020-01-30
4,2020-01-30 13:00:00,11441.21,11456.35,11418.22,11421.74,13:00:00,2020-01-30
24,2020-01-31 09:00:00,11494.03,11594.21,11442.33,11442.33,09:00:00,2020-01-31
25,2020-01-31 10:00:00,11441.75,11504.7,11436.95,11503.9,10:00:00,2020-01-31
26,2020-01-31 11:00:00,11504.46,11543.93,11499.11,11543.93,11:00:00,2020-01-31
27,2020-01-31 12:00:00,11538.81,11551.41,11526.66,11535.77,12:00:00,2020-01-31
28,2020-01-31 13:00:00,11533.98,11536.16,11495.1,11495.1,13:00:00,2020-01-31
96,2020-02-03 09:00:00,11365.9,11365.9,11138.03,11319.79,09:00:00,2020-02-03
97,2020-02-03 10:00:00,11324.62,11359.67,11306.24,11313.18,10:00:00,2020-02-03
98,2020-02-03 11:00:00,11312.82,11334.23,11297.59,11332.87,11:00:00,2020-02-03
99,2020-02-03 12:00:00,11333.94,11337.12,11314.92,11330.82,12:00:00,2020-02-03
100,2020-02-03 13:00:00,11331.22,11354.92,11326.22,11354.92,13:00:00,2020-02-03
120,2020-02-04 09:00:00,11399.46,11531.86,11393.03,11527.21,09:00:00,2020-02-04
121,2020-02-04 10:00:00,11526.59,11573.66,11518.7,11562.27,10:00:00,2020-02-04
122,2020-02-04 11:00:00,11562.07,11574.96,11545.08,11566.42,11:00:00,2020-02-04
123,2020-02-04 12:00:00,11571.43,11581.36,11561.33,11567.89,12:00:00,2020-02-04
124,2020-02-04 13:00:00,11567.87,11575.36,11555.92,11555.92,13:00:00,2020-02-04
144,2020-02-05 09:00:00,11601.55,11619.94,11512.71,11588.73,09:00:00,2020-02-05
145,2020-02-05 10:00:00,11588.27,11620.42,11583.2,11599.98,10:00:00,2020-02-05
146,2020-02-05 11:00:00,11600.19,11618.05,11591.77,11608.71,11:00:00,2020-02-05
147,2020-02-05 12:00:00,11607.73,11614.29,11569.34,11570.07,12:00:00,2020-02-05
148,2020-02-05 13:00:00,11572.02,11573.62,11548.77,11573.62,13:00:00,2020-02-05
168,2020-02-06 09:00:00,11605.11,11707.52,11605.11,11670.1,09:00:00,2020-02-06
169,2020-02-06 10:00:00,11668.92,11699.22,11662.77,11683.4,10:00:00,2020-02-06
170,2020-02-06 11:00:00,11678.81,11704.21,11677.84,11702.23,11:00:00,2020-02-06
171,2020-02-06 12:00:00,11702.25,11732.98,11695.67,11725.28,12:00:00,2020-02-06
172,2020-02-06 13:00:00,11725.09,11749.68,11725.04,11749.68,13:00:00,2020-02-06
192,2020-02-07 09:00:00,11712.71,11712.71,11617.95,11644.7,09:00:00,2020-02-07
193,2020-02-07 10:00:00,11648.0,11652.12,11630.82,11630.82,10:00:00,2020-02-07
194,2020-02-07 11:00:00,11631.71,11647.05,11629.15,11639.28,11:00:00,2020-02-07
195,2020-02-07 12:00:00,11638.11,11643.13,11607.61,11611.67,12:00:00,2020-02-07
196,2020-02-07 13:00:00,11608.64,11612.81,11592.09,11612.81,13:00:00,2020-02-07
264,2020-02-10 09:00:00,11514.72,11553.72,11423.34,11537.42,09:00:00,2020-02-10
265,2020-02-10 10:00:00,11540.99,11598.03,11526.85,11579.85,10:00:00,2020-02-10
266,2020-02-10 11:00:00,11575.38,11582.84,11557.6,11567.29,11:00:00,2020-02-10
267,2020-02-10 12:00:00,11566.28,11570.9,11541.1,11545.94,12:00:00,2020-02-10
268,2020-02-10 13:00:00,11543.45,11574.07,11533.87,11574.07,13:00:00,2020-02-10
288,2020-02-11 09:00:00,11614.25,11658.95,11614.25,11651.29,09:00:00,2020-02-11
289,2020-02-11 10:00:00,11655.54,11673.61,11648.79,11662.31,10:00:00,2020-02-11
290,2020-02-11 11:00:00,11666.1,11673.5,11658.91,11667.82,11:00:00,2020-02-11
291,2020-02-11 12:00:00,11667.72,11673.8,11658.81,11672.17,12:00:00,2020-02-11
292,2020-02-11 13:00:00,11674.22,11678.58,11664.04,11664.04,13:00:00,2020-02-11
312,2020-02-12 09:00:00,11693.4,11751.68,11693.4,11744.79,09:00:00,2020-02-12
313,2020-02-12 10:00:00,11745.03,11769.15,11741.36,11758.77,10:00:00,2020-02-12
314,2020-02-12 11:00:00,11757.96,11771.2,11753.24,11770.38,11:00:00,2020-02-12
315,2020-02-12 12:00:00,11768.59,11785.73,11765.3,11777.82,12:00:00,2020-02-12
316,2020-02-12 13:00:00,11777.06,11801.52,11774.19,11774.19,13:00:00,2020-02-12
336,2020-02-13 09:00:00,11813.5,11854.98,11801.27,11830.76,09:00:00,2020-02-13
337,2020-02-13 10:00:00,11830.63,11831.77,11813.01,11827.81,10:00:00,2020-02-13
338,2020-02-13 11:00:00,11823.38,11834.45,11813.27,11813.95,11:00:00,2020-02-13
339,2020-02-13 12:00:00,11818.41,11818.41,11790.31,11797.87,12:00:00,2020-02-13
340,2020-02-13 13:00:00,11799.66,11799.66,11784.94,11791.78,13:00:00,2020-02-13
360,2020-02-14 09:00:00,11806.52,11825.64,11788.87,11820.17,09:00:00,2020-02-14
361,2020-02-14 10:00:00,11820.58,11832.96,11811.32,11829.98,10:00:00,2020-02-14
362,2020-02-14 11:00:00,11825.71,11840.79,11816.62,11818.58,11:00:00,2020-02-14
363,2020-02-14 12:00:00,11818.52,11822.47,11805.0,11810.45,12:00:00,2020-02-14
364,2020-02-14 13:00:00,11811.28,11815.86,11802.32,11815.7,13:00:00,2020-02-14
432,2020-02-17 09:00:00,11770.3,11775.56,11724.82,11768.86,09:00:00,2020-02-17
433,2020-02-17 10:00:00,11768.95,11769.68,11750.84,11765.31,10:00:00,2020-02-17
434,2020-02-17 11:00:00,11766.08,11766.9,11743.85,11749.36,11:00:00,2020-02-17
435,2020-02-17 12:00:00,11749.26,11750.67,11739.01,11743.82,12:00:00,2020-02-17
436,2020-02-17 13:00:00,11745.09,11763.51,11742.18,11763.51,13:00:00,2020-02-17
456,2020-02-18 09:00:00,11700.91,11717.1,11657.01,11690.51,09:00:00,2020-02-18
457,2020-02-18 10:00:00,11690.11,11710.8,11678.15,11684.07,10:00:00,2020-02-18
458,2020-02-18 11:00:00,11680.2,11684.4,11669.35,11671.39,11:00:00,2020-02-18
459,2020-02-18 12:00:00,11671.28,11672.74,11643.11,11655.48,12:00:00,2020-02-18
460,2020-02-18 13:00:00,11649.91,11657.78,11642.95,11648.98,13:00:00,2020-02-18
480,2020-02-19 09:00:00,11655.37,11696.64,11654.16,11696.64,09:00:00,2020-02-19
481,2020-02-19 10:00:00,11695.54,11778.49,11694.52,11742.28,10:00:00,2020-02-19
482,2020-02-19 11:00:00,11742.63,11769.18,11738.96,11754.19,11:00:00,2020-02-19
483,2020-02-19 12:00:00,11753.42,11783.43,11748.59,11756.77,12:00:00,2020-02-19
484,2020-02-19 13:00:00,11761.8,11766.46,11753.78,11758.84,13:00:00,2020-02-19
504,2020-02-20 09:00:00,11785.78,11827.83,11758.79,11763.35,09:00:00,2020-02-20
505,2020-02-20 10:00:00,11763.56,11763.56,11717.21,11731.93,10:00:00,2020-02-20
506,2020-02-20 11:00:00,11731.51,11742.99,11714.29,11722.38,11:00:00,2020-02-20
507,2020-02-20 12:00:00,11722.99,11741.47,11714.15,11737.03,12:00:00,2020-02-20
508,2020-02-20 13:00:00,11737.23,11745.4,11725.09,11725.09,13:00:00,2020-02-20
528,2020-02-21 09:00:00,11721.16,11755.17,11705.68,11714.26,09:00:00,2020-02-21
529,2020-02-21 10:00:00,11710.53,11718.51,11662.3,11667.62,10:00:00,2020-02-21
530,2020-02-21 11:00:00,11667.09,11708.56,11661.63,11703.67,11:00:00,2020-02-21
531,2020-02-21 12:00:00,11702.96,11709.51,11686.33,11690.13,12:00:00,2020-02-21
532,2020-02-21 13:00:00,11688.4,11689.42,11680.08,11686.35,13:00:00,2020-02-21
600,2020-02-24 09:00:00,11615.28,11615.28,11549.02,11564.27,09:00:00,2020-02-24
601,2020-02-24 10:00:00,11563.48,11567.04,11526.83,11530.65,10:00:00,2020-02-24
602,2020-02-24 11:00:00,11531.77,11554.4,11512.08,11531.16,11:00:00,2020-02-24
603,2020-02-24 12:00:00,11535.42,11558.75,11528.55,11552.25,12:00:00,2020-02-24
604,2020-02-24 13:00:00,11552.01,11558.5,11534.87,11534.87,13:00:00,2020-02-24
624,2020-02-25 09:00:00,11506.74,11520.49,11415.47,11502.87,09:00:00,2020-02-25
625,2020-02-25 10:00:00,11502.85,11552.52,11501.88,11525.45,10:00:00,2020-02-25
626,2020-02-25 11:00:00,11526.1,11544.98,11519.88,11539.63,11:00:00,2020-02-25
627,2020-02-25 12:00:00,11539.08,11566.88,11537.56,11566.01,12:00:00,2020-02-25
628,2020-02-25 13:00:00,11565.59,11567.09,11540.23,11540.23,13:00:00,2020-02-25
648,2020-02-26 09:00:00,11468.6,11468.6,11408.06,11445.15,09:00:00,2020-02-26
649,2020-02-26 10:00:00,11448.6,11494.22,11430.55,11480.81,10:00:00,2020-02-26
650,2020-02-26 11:00:00,11480.18,11485.84,11464.91,11477.27,11:00:00,2020-02-26
651,2020-02-26 12:00:00,11477.3,11482.66,11442.16,11448.52,12:00:00,2020-02-26
652,2020-02-26 13:00:00,11442.89,11446.84,11421.98,11433.62,13:00:00,2020-02-26
672,2020-02-27 09:00:00,11436.96,11470.23,11372.55,11384.29,09:00:00,2020-02-27
673,2020-02-27 10:00:00,11384.21,11384.63,11350.66,11350.66,10:00:00,2020-02-27
674,2020-02-27 11:00:00,11351.07,11360.13,11335.65,11344.48,11:00:00,2020-02-27
675,2020-02-27 12:00:00,11344.94,11346.07,11279.68,11283.29,12:00:00,2020-02-27
676,2020-02-27 13:00:00,11283.87,11292.17,11274.52,11292.17,13:00:00,2020-02-27
768,2020-03-02 09:00:00,11184.66,11184.66,11049.85,11148.35,09:00:00,2020-03-02
769,2020-03-02 10:00:00,11146.88,11282.05,11133.73,11270.23,10:00:00,2020-03-02
770,2020-03-02 11:00:00,11264.54,11275.65,11226.34,11231.55,11:00:00,2020-03-02
771,2020-03-02 12:00:00,11228.16,11232.33,11180.72,11183.11,12:00:00,2020-03-02
772,2020-03-02 13:00:00,11183.36,11188.63,11170.46,11170.46,13:00:00,2020-03-02
792,2020-03-03 09:00:00,11279.86,11363.24,11279.86,11325.0,09:00:00,2020-03-03
793,2020-03-03 10:00:00,11320.63,11359.2,11319.6,11354.55,10:00:00,2020-03-03
794,2020-03-03 11:00:00,11354.7,11383.7,11352.22,11377.66,11:00:00,2020-03-03
795,2020-03-03 12:00:00,11380.59,11390.24,11346.5,11370.62,12:00:00,2020-03-03
796,2020-03-03 13:00:00,11365.58,11370.74,11327.72,11327.72,13:00:00,2020-03-03
816,2020-03-04 09:00:00,11368.25,11368.25,11305.67,11325.83,09:00:00,2020-03-04
817,2020-03-04 10:00:00,11326.25,11361.59,11297.81,11348.33,10:00:00,2020-03-04
818,2020-03-04 11:00:00,11348.41,11383.64,11348.17,11373.74,11:00:00,2020-03-04
819,2020-03-04 12:00:00,11369.32,11387.91,11363.39,11387.91,12:00:00,2020-03-04
820,2020-03-04 13:00:00,11388.36,11392.35,11368.96,11392.35,13:00:00,2020-03-04
840,2020-03-05 09:00:00,11454.65,11525.32,11454.65,11512.01,09:00:00,2020-03-05
841,2020-03-05 10:00:00,11516.91,11517.35,11497.75,11511.14,10:00:00,2020-03-05
842,2020-03-05 11:00:00,11512.15,11518.17,11506.25,11514.84,11:00:00,2020-03-05
843,2020-03-05 12:00:00,11511.6,11516.98,11501.67,11506.74,12:00:00,2020-03-05
844,2020-03-05 13:00:00,11505.96,11519.03,11501.87,11514.82,13:00:00,2020-03-05
1320,2020-03-25 09:00:00,9426.43,9722.37,9426.43,9714.26,09:00:00,2020-03-25
1321,2020-03-25 10:00:00,9712.26,9713.71,9657.44,9676.11,10:00:00,2020-03-25
1322,2020-03-25 11:00:00,9678.93,9694.78,9673.94,9694.78,11:00:00,2020-03-25
1323,2020-03-25 12:00:00,9694.32,9697.18,9585.12,9629.4,12:00:00,2020-03-25
1324,2020-03-25 13:00:00,9634.5,9644.92,9594.74,9644.75,13:00:00,2020-03-25
1344,2020-03-26 09:00:00,9667.14,9734.37,9565.02,9666.06,09:00:00,2020-03-26
1345,2020-03-26 10:00:00,9666.12,9706.33,9624.68,9706.33,10:00:00,2020-03-26
1346,2020-03-26 11:00:00,9702.33,9738.09,9689.43,9724.72,11:00:00,2020-03-26
1347,2020-03-26 12:00:00,9725.11,9739.73,9710.92,9729.89,12:00:00,2020-03-26
1348,2020-03-26 13:00:00,9729.96,9737.59,9713.79,9736.36,13:00:00,2020-03-26
1368,2020-03-27 09:00:00,9807.9,9954.86,9807.9,9852.09,09:00:00,2020-03-27
1369,2020-03-27 10:00:00,9852.3,9855.61,9769.64,9788.0,10:00:00,2020-03-27
1370,2020-03-27 11:00:00,9788.11,9836.05,9781.77,9820.2,11:00:00,2020-03-27
1371,2020-03-27 12:00:00,9820.44,9824.3,9709.3,9734.25,12:00:00,2020-03-27
1372,2020-03-27 13:00:00,9734.47,9742.22,9691.14,9698.92,13:00:00,2020-03-27
1440,2020-03-30 09:00:00,9571.22,9571.22,9415.52,9534.76,09:00:00,2020-03-30
1441,2020-03-30 10:00:00,9539.51,9585.44,9509.2,9574.04,10:00:00,2020-03-30
1442,2020-03-30 11:00:00,9573.84,9612.19,9560.88,9597.8,11:00:00,2020-03-30
1443,2020-03-30 12:00:00,9591.87,9655.7,9591.17,9607.91,12:00:00,2020-03-30
1444,2020-03-30 13:00:00,9603.02,9647.31,9601.38,9629.43,13:00:00,2020-03-30
1464,2020-03-31 09:00:00,9689.62,9789.81,9689.62,9723.81,09:00:00,2020-03-31
1465,2020-03-31 10:00:00,9722.91,9757.25,9709.75,9745.22,10:00:00,2020-03-31
1466,2020-03-31 11:00:00,9745.26,9745.26,9713.81,9734.63,11:00:00,2020-03-31
1467,2020-03-31 12:00:00,9734.63,9736.42,9637.05,9655.71,12:00:00,2020-03-31
1468,2020-03-31 13:00:00,9650.79,9708.06,9630.3,9708.06,13:00:00,2020-03-31
1488,2020-04-01 09:00:00,9726.2,9726.58,9672.73,9721.31,09:00:00,2020-04-01
1489,2020-04-01 10:00:00,9724.88,9736.0,9715.76,9724.54,10:00:00,2020-04-01
1490,2020-04-01 11:00:00,9724.66,9727.79,9681.31,9686.9,11:00:00,2020-04-01
1491,2020-04-01 12:00:00,9682.52,9686.72,9666.7,9685.43,12:00:00,2020-04-01
1492,2020-04-01 13:00:00,9685.92,9694.55,9663.63,9663.63,13:00:00,2020-04-01
1608,2020-04-06 09:00:00,9707.75,9801.48,9651.52,9687.25,09:00:00,2020-04-06
1609,2020-04-06 10:00:00,9687.62,9728.9,9684.74,9726.42,10:00:00,2020-04-06
1610,2020-04-06 11:00:00,9731.09,9770.68,9725.56,9763.55,11:00:00,2020-04-06
1611,2020-04-06 12:00:00,9763.61,9797.08,9760.61,9786.21,12:00:00,2020-04-06
1612,2020-04-06 13:00:00,9787.22,9818.74,9778.64,9818.74,13:00:00,2020-04-06
1632,2020-04-07 09:00:00,9928.16,10039.15,9928.16,9971.96,09:00:00,2020-04-07
1633,2020-04-07 10:00:00,9969.77,9978.83,9946.13,9967.45,10:00:00,2020-04-07
1634,2020-04-07 11:00:00,9972.05,9981.06,9946.96,9947.49,11:00:00,2020-04-07
1635,2020-04-07 12:00:00,9952.8,9989.74,9945.42,9988.92,12:00:00,2020-04-07
1636,2020-04-07 13:00:00,9987.76,9996.39,9977.49,9996.39,13:00:00,2020-04-07
1656,2020-04-08 09:00:00,10010.64,10107.45,9984.66,10054.42,09:00:00,2020-04-08
1657,2020-04-08 10:00:00,10059.1,10104.85,10053.87,10097.36,10:00:00,2020-04-08
1658,2020-04-08 11:00:00,10096.73,10110.62,10082.59,10105.01,11:00:00,2020-04-08
1659,2020-04-08 12:00:00,10109.22,10149.76,10097.59,10143.93,12:00:00,2020-04-08
1660,2020-04-08 13:00:00,10144.18,10144.18,10120.61,10137.47,13:00:00,2020-04-08
1680,2020-04-09 09:00:00,10173.26,10246.84,10125.26,10156.81,09:00:00,2020-04-09
1681,2020-04-09 10:00:00,10155.69,10165.11,10102.98,10111.94,10:00:00,2020-04-09
1682,2020-04-09 11:00:00,10111.33,10140.23,10092.36,10140.13,11:00:00,2020-04-09
1683,2020-04-09 12:00:00,10140.11,10154.72,10115.54,10153.1,12:00:00,2020-04-09
1684,2020-04-09 13:00:00,10148.75,10155.79,10119.43,10119.43,13:00:00,2020-04-09
2184,2020-04-30 09:00:00,10826.26,10941.21,10826.26,10940.56,09:00:00,2020-04-30
2185,2020-04-30 10:00:00,10936.85,10960.03,10931.72,10960.0,10:00:00,2020-04-30
2186,2020-04-30 11:00:00,10956.16,10994.37,10943.98,10994.37,11:00:00,2020-04-30
2187,2020-04-30 12:00:00,10994.05,11003.31,10987.32,10998.45,12:00:00,2020-04-30
2188,2020-04-30 13:00:00,11000.93,11012.78,10992.14,10992.14,13:00:00,2020-04-30
2664,2020-05-20 09:00:00,10892.76,10933.98,10892.76,10915.68,09:00:00,2020-05-20
2665,2020-05-20 10:00:00,10914.63,10919.01,10872.57,10872.57,10:00:00,2020-05-20
2666,2020-05-20 11:00:00,10873.57,10892.61,10860.15,10888.28,11:00:00,2020-05-20
2667,2020-05-20 12:00:00,10888.14,10904.76,10887.76,10894.35,12:00:00,2020-05-20
2668,2020-05-20 13:00:00,10898.85,10907.8,10880.39,10907.8,13:00:00,2020-05-20
2688,2020-05-21 09:00:00,10933.21,11021.66,10933.21,10994.14,09:00:00,2020-05-21
2689,2020-05-21 10:00:00,10994.97,10996.99,10958.57,10988.66,10:00:00,2020-05-21
2690,2020-05-21 11:00:00,10988.78,11001.8,10983.7,10997.71,11:00:00,2020-05-21
2691,2020-05-21 12:00:00,10998.14,11004.02,10982.68,11001.97,12:00:00,2020-05-21
2692,2020-05-21 13:00:00,10999.03,11012.45,10997.12,11008.31,13:00:00,2020-05-21
2712,2020-05-22 09:00:00,10977.55,10977.55,10888.75,10902.16,09:00:00,2020-05-22
2713,2020-05-22 10:00:00,10902.79,10902.79,10834.41,10849.06,10:00:00,2020-05-22
2714,2020-05-22 11:00:00,10849.42,10866.23,10824.98,10834.18,11:00:00,2020-05-22
2715,2020-05-22 12:00:00,10834.44,10848.11,10823.33,10828.71,12:00:00,2020-05-22
2716,2020-05-22 13:00:00,10828.53,10832.91,10804.56,10811.15,13:00:00,2020-05-22
2784,2020-05-25 09:00:00,10812.94,10852.85,10719.25,10801.84,09:00:00,2020-05-25
2785,2020-05-25 10:00:00,10796.82,10820.31,10791.39,10799.08,10:00:00,2020-05-25
2786,2020-05-25 11:00:00,10797.49,10834.9,10796.15,10824.29,11:00:00,2020-05-25
2787,2020-05-25 12:00:00,10824.49,10852.04,10822.75,10847.69,12:00:00,2020-05-25
2788,2020-05-25 13:00:00,10846.76,10874.54,10843.53,10871.18,13:00:00,2020-05-25
2808,2020-05-26 09:00:00,10903.32,11036.25,10903.32,11014.22,09:00:00,2020-05-26
2809,2020-05-26 10:00:00,11013.56,11046.22,11006.3,11021.81,10:00:00,2020-05-26
2810,2020-05-26 11:00:00,11021.78,11034.78,11015.35,11027.13,11:00:00,2020-05-26
2811,2020-05-26 12:00:00,11026.62,11037.71,11011.69,11017.59,12:00:00,2020-05-26
2812,2020-05-26 13:00:00,11019.08,11026.24,10997.21,10997.21,13:00:00,2020-05-26
2832,2020-05-27 09:00:00,11023.93,11069.72,11011.45,11018.6,09:00:00,2020-05-27
2833,2020-05-27 10:00:00,11017.44,11022.0,10972.25,11010.69,10:00:00,2020-05-27
2834,2020-05-27 11:00:00,11015.91,11032.81,11008.16,11031.87,11:00:00,2020-05-27
2835,2020-05-27 12:00:00,11031.49,11031.84,11011.72,11017.8,12:00:00,2020-05-27
2836,2020-05-27 13:00:00,11017.58,11017.77,11005.81,11014.66,13:00:00,2020-05-27
2856,2020-05-28 09:00:00,11040.62,11087.53,11035.49,11061.75,09:00:00,2020-05-28
2857,2020-05-28 10:00:00,11063.01,11063.53,11019.8,11020.2,10:00:00,2020-05-28
2858,2020-05-28 11:00:00,11020.43,11025.29,10941.97,10941.97,11:00:00,2020-05-28
2859,2020-05-28 12:00:00,10946.64,10971.3,10915.3,10938.36,12:00:00,2020-05-28
2860,2020-05-28 13:00:00,10937.94,10944.19,10920.02,10944.19,13:00:00,2020-05-28
2880,2020-05-29 09:00:00,10921.16,10931.66,10861.9,10921.93,09:00:00,2020-05-29
2881,2020-05-29 10:00:00,10921.34,10939.92,10912.35,10928.43,10:00:00,2020-05-29
2882,2020-05-29 11:00:00,10928.23,10930.31,10907.78,10910.04,11:00:00,2020-05-29
2883,2020-05-29 12:00:00,10912.97,10945.99,10900.39,10940.61,12:00:00,2020-05-29
2884,2020-05-29 13:00:00,10948.22,10965.03,10940.98,10942.16,13:00:00,2020-05-29
2952,2020-06-01 09:00:00,10971.4,11109.13,10971.4,11097.97,09:00:00,2020-06-01
2953,2020-06-01 10:00:00,11097.14,11109.29,11077.41,11083.11,10:00:00,2020-06-01
2954,2020-06-01 11:00:00,11079.61,11094.4,11067.19,11071.33,11:00:00,2020-06-01
2955,2020-06-01 12:00:00,11072.17,11087.76,11065.23,11080.48,12:00:00,2020-06-01
2956,2020-06-01 13:00:00,11075.6,11086.11,11072.31,11079.02,13:00:00,2020-06-01
2976,2020-06-02 09:00:00,11109.27,11170.49,11109.27,11133.82,09:00:00,2020-06-02
2977,2020-06-02 10:00:00,11134.4,11137.68,11102.97,11120.78,10:00:00,2020-06-02
2978,2020-06-02 11:00:00,11120.42,11139.4,11116.13,11133.01,11:00:00,2020-06-02
2979,2020-06-02 12:00:00,11133.41,11136.27,11110.19,11116.23,12:00:00,2020-06-02
2980,2020-06-02 13:00:00,11115.35,11127.93,11109.68,11127.93,13:00:00,2020-06-02
3000,2020-06-03 09:00:00,11182.52,11277.04,11182.52,11243.44,09:00:00,2020-06-03
3001,2020-06-03 10:00:00,11247.29,11269.46,11233.12,11260.16,10:00:00,2020-06-03
3002,2020-06-03 11:00:00,11264.55,11291.94,11255.96,11282.38,11:00:00,2020-06-03
3003,2020-06-03 12:00:00,11282.6,11307.94,11277.42,11300.66,12:00:00,2020-06-03
3004,2020-06-03 13:00:00,11301.62,11330.52,11301.62,11320.16,13:00:00,2020-06-03
3024,2020-06-04 09:00:00,11373.94,11425.42,11341.58,11365.69,09:00:00,2020-06-04
3025,2020-06-04 10:00:00,11365.8,11372.63,11347.72,11362.67,10:00:00,2020-06-04
3026,2020-06-04 11:00:00,11357.42,11383.11,11355.2,11374.94,11:00:00,2020-06-04
3027,2020-06-04 12:00:00,11376.43,11388.36,11366.21,11367.2,12:00:00,2020-06-04
3028,2020-06-04 13:00:00,11368.14,11393.23,11368.14,11393.23,13:00:00,2020-06-04
3048,2020-06-05 09:00:00,11418.01,11444.08,11411.94,11429.28,09:00:00,2020-06-05
3049,2020-06-05 10:00:00,11433.5,11450.2,11429.37,11446.28,10:00:00,2020-06-05
3050,2020-06-05 11:00:00,11441.98,11468.39,11441.89,11462.72,11:00:00,2020-06-05
3051,2020-06-05 12:00:00,11458.58,11480.19,11457.37,11470.07,12:00:00,2020-06-05
3052,2020-06-05 13:00:00,11471.68,11482.36,11464.96,11479.4,13:00:00,2020-06-05
3120,2020-06-08 09:00:00,11539.0,11586.13,11528.44,11568.05,09:00:00,2020-06-08
3121,2020-06-08 10:00:00,11572.02,11631.89,11563.89,11619.04,10:00:00,2020-06-08
3122,2020-06-08 11:00:00,11619.83,11628.78,11607.7,11613.6,11:00:00,2020-06-08
3123,2020-06-08 12:00:00,11616.1,11618.52,11597.11,11605.67,12:00:00,2020-06-08
3124,2020-06-08 13:00:00,11602.19,11613.58,11590.01,11610.32,13:00:00,2020-06-08
3144,2020-06-09 09:00:00,11600.61,11635.99,11537.38,11635.04,09:00:00,2020-06-09
3145,2020-06-09 10:00:00,11628.02,11640.05,11596.36,11630.74,10:00:00,2020-06-09
3146,2020-06-09 11:00:00,11627.13,11640.45,11619.92,11627.17,11:00:00,2020-06-09
3147,2020-06-09 12:00:00,11627.26,11636.41,11605.57,11607.39,12:00:00,2020-06-09
3148,2020-06-09 13:00:00,11606.83,11637.11,11604.78,11637.11,13:00:00,2020-06-09
3168,2020-06-10 09:00:00,11635.99,11729.56,11621.02,11717.99,09:00:00,2020-06-10
3169,2020-06-10 10:00:00,11720.91,11740.9,11697.86,11707.32,10:00:00,2020-06-10
3170,2020-06-10 11:00:00,11706.97,11717.95,11680.84,11694.55,11:00:00,2020-06-10
3171,2020-06-10 12:00:00,11695.08,11716.57,11689.12,11705.76,12:00:00,2020-06-10
3172,2020-06-10 13:00:00,11710.96,11723.08,11704.3,11720.16,13:00:00,2020-06-10
3192,2020-06-11 09:00:00,11738.49,11771.12,11697.28,11720.99,09:00:00,2020-06-11
3193,2020-06-11 10:00:00,11721.16,11731.52,11707.64,11712.92,10:00:00,2020-06-11
3194,2020-06-11 11:00:00,11708.0,11712.71,11574.78,11596.82,11:00:00,2020-06-11
3195,2020-06-11 12:00:00,11601.56,11605.96,11524.98,11529.54,12:00:00,2020-06-11
3196,2020-06-11 13:00:00,11529.22,11540.9,11516.59,11535.77,13:00:00,2020-06-11
3216,2020-06-12 09:00:00,11406.54,11418.54,11244.64,11415.28,09:00:00,2020-06-12
3217,2020-06-12 10:00:00,11419.12,11428.28,11393.63,11398.12,10:00:00,2020-06-12
3218,2020-06-12 11:00:00,11394.22,11400.38,11377.31,11396.43,11:00:00,2020-06-12
3219,2020-06-12 12:00:00,11395.78,11412.17,11389.9,11407.32,12:00:00,2020-06-12
3220,2020-06-12 13:00:00,11411.93,11442.3,11407.03,11429.94,13:00:00,2020-06-12
3288,2020-06-15 09:00:00,11436.28,11455.69,11368.6,11428.93,09:00:00,2020-06-15
3289,2020-06-15 10:00:00,11433.48,11469.84,11417.47,11420.22,10:00:00,2020-06-15
3290,2020-06-15 11:00:00,11420.0,11435.37,11411.08,11422.01,11:00:00,2020-06-15
3291,2020-06-15 12:00:00,11427.13,11427.13,11344.82,11355.91,12:00:00,2020-06-15
3292,2020-06-15 13:00:00,11355.78,11356.16,11299.45,11306.26,13:00:00,2020-06-15
3312,2020-06-16 09:00:00,11380.67,11485.0,11380.67,11480.08,09:00:00,2020-06-16
3313,2020-06-16 10:00:00,11481.14,11542.25,11478.72,11522.37,10:00:00,2020-06-16
3314,2020-06-16 11:00:00,11523.25,11541.51,11508.66,11509.37,11:00:00,2020-06-16
3315,2020-06-16 12:00:00,11511.48,11514.67,11489.23,11506.4,12:00:00,2020-06-16
3316,2020-06-16 13:00:00,11501.54,11528.27,11499.83,11511.64,13:00:00,2020-06-16
3336,2020-06-17 09:00:00,11525.5,11550.32,11487.46,11510.33,09:00:00,2020-06-17
3337,2020-06-17 10:00:00,11510.91,11515.93,11482.32,11491.61,10:00:00,2020-06-17
3338,2020-06-17 11:00:00,11491.18,11509.42,11487.58,11499.62,11:00:00,2020-06-17
3339,2020-06-17 12:00:00,11504.34,11545.66,11498.85,11541.37,12:00:00,2020-06-17
3340,2020-06-17 13:00:00,11535.76,11540.78,11506.43,11534.59,13:00:00,2020-06-17
3360,2020-06-18 09:00:00,11534.2,11567.42,11485.39,11511.58,09:00:00,2020-06-18
3361,2020-06-18 10:00:00,11512.45,11522.95,11497.42,11505.34,10:00:00,2020-06-18
3362,2020-06-18 11:00:00,11505.4,11539.85,11500.27,11535.08,11:00:00,2020-06-18
3363,2020-06-18 12:00:00,11536.4,11544.87,11520.95,11540.92,12:00:00,2020-06-18
3364,2020-06-18 13:00:00,11536.45,11548.33,11532.43,11548.33,13:00:00,2020-06-18
3384,2020-06-19 09:00:00,11557.27,11584.88,11544.03,11556.14,09:00:00,2020-06-19
3385,2020-06-19 10:00:00,11556.66,11573.92,11542.37,11568.29,10:00:00,2020-06-19
3386,2020-06-19 11:00:00,11572.96,11578.54,11562.88,11570.93,11:00:00,2020-06-19
3387,2020-06-19 12:00:00,11570.98,11583.08,11553.43,11556.53,12:00:00,2020-06-19
3388,2020-06-19 13:00:00,11560.5,11564.21,11546.67,11549.86,13:00:00,2020-06-19
3456,2020-06-22 09:00:00,11553.91,11632.88,11553.91,11593.53,09:00:00,2020-06-22
3457,2020-06-22 10:00:00,11589.33,11602.13,11566.51,11566.51,10:00:00,2020-06-22
3458,2020-06-22 11:00:00,11566.23,11578.65,11555.32,11564.49,11:00:00,2020-06-22
3459,2020-06-22 12:00:00,11563.98,11588.22,11561.84,11561.84,12:00:00,2020-06-22
3460,2020-06-22 13:00:00,11566.93,11574.16,11560.74,11572.93,13:00:00,2020-06-22
3480,2020-06-23 09:00:00,11618.42,11679.4,11530.85,11574.64,09:00:00,2020-06-23
3481,2020-06-23 10:00:00,11580.15,11626.48,11580.15,11607.07,10:00:00,2020-06-23
3482,2020-06-23 11:00:00,11611.32,11619.65,11592.98,11599.48,11:00:00,2020-06-23
3483,2020-06-23 12:00:00,11594.59,11604.13,11588.38,11597.36,12:00:00,2020-06-23
3484,2020-06-23 13:00:00,11597.37,11612.36,11582.26,11612.36,13:00:00,2020-06-23
3504,2020-06-24 09:00:00,11647.86,11701.23,11647.86,11673.89,09:00:00,2020-06-24
3505,2020-06-24 10:00:00,11674.1,11681.95,11646.91,11649.02,10:00:00,2020-06-24
3506,2020-06-24 11:00:00,11647.99,11661.52,11637.79,11641.44,11:00:00,2020-06-24
3507,2020-06-24 12:00:00,11641.71,11664.77,11638.79,11654.56,12:00:00,2020-06-24
3508,2020-06-24 13:00:00,11651.84,11664.85,11640.57,11660.67,13:00:00,2020-06-24
3624,2020-06-29 09:00:00,11608.8,11608.8,11549.97,11578.63,09:00:00,2020-06-29
3625,2020-06-29 10:00:00,11578.74,11584.65,11530.94,11536.97,10:00:00,2020-06-29
3626,2020-06-29 11:00:00,11532.48,11542.19,11500.65,11512.48,11:00:00,2020-06-29
3627,2020-06-29 12:00:00,11512.19,11531.65,11505.46,11509.57,12:00:00,2020-06-29
3628,2020-06-29 13:00:00,11510.13,11542.62,11502.14,11542.62,13:00:00,2020-06-29
3648,2020-06-30 09:00:00,11563.6,11621.94,11563.6,11579.33,09:00:00,2020-06-30
3649,2020-06-30 10:00:00,11577.7,11599.59,11576.86,11592.38,10:00:00,2020-06-30
3650,2020-06-30 11:00:00,11588.42,11600.5,11584.97,11593.89,11:00:00,2020-06-30
3651,2020-06-30 12:00:00,11593.88,11630.78,11593.31,11628.81,12:00:00,2020-06-30
3652,2020-06-30 13:00:00,11625.44,11638.0,11621.24,11621.24,13:00:00,2020-06-30
3672,2020-07-01 09:00:00,11622.64,11711.23,11622.64,11705.44,09:00:00,2020-07-01
3673,2020-07-01 10:00:00,11708.8,11715.16,11699.0,11711.36,10:00:00,2020-07-01
3674,2020-07-01 11:00:00,11710.62,11730.08,11709.54,11725.47,11:00:00,2020-07-01
3675,2020-07-01 12:00:00,11725.12,11736.39,11718.74,11722.06,12:00:00,2020-07-01
3676,2020-07-01 13:00:00,11725.81,11725.81,11684.16,11703.42,13:00:00,2020-07-01
3696,2020-07-02 09:00:00,11694.1,11765.28,11690.95,11754.44,09:00:00,2020-07-02
3697,2020-07-02 10:00:00,11755.17,11779.2,11753.33,11773.3,10:00:00,2020-07-02
3698,2020-07-02 11:00:00,11772.37,11786.45,11771.02,11775.05,11:00:00,2020-07-02
3699,2020-07-02 12:00:00,11774.82,11805.21,11774.34,11795.13,12:00:00,2020-07-02
3700,2020-07-02 13:00:00,11793.82,11805.14,11788.33,11805.14,13:00:00,2020-07-02
3720,2020-07-03 09:00:00,11857.9,11933.59,11857.9,11877.3,09:00:00,2020-07-03
3721,2020-07-03 10:00:00,11883.08,11899.67,11873.18,11896.21,10:00:00,2020-07-03
3722,2020-07-03 11:00:00,11895.46,11911.14,11889.01,11904.01,11:00:00,2020-07-03
3723,2020-07-03 12:00:00,11906.88,11909.52,11891.8,11901.2,12:00:00,2020-07-03
3724,2020-07-03 13:00:00,11901.24,11909.93,11894.64,11909.16,13:00:00,2020-07-03
3792,2020-07-06 09:00:00,11941.84,12055.43,11941.84,12042.62,09:00:00,2020-07-06
3793,2020-07-06 10:00:00,12039.2,12066.99,12036.21,12062.18,10:00:00,2020-07-06
3794,2020-07-06 11:00:00,12066.02,12103.44,12060.57,12091.34,11:00:00,2020-07-06
3795,2020-07-06 12:00:00,12091.02,12097.04,12070.56,12079.44,12:00:00,2020-07-06
3796,2020-07-06 13:00:00,12076.21,12116.7,12075.86,12116.7,13:00:00,2020-07-06
3816,2020-07-07 09:00:00,12176.79,12249.95,12034.13,12034.13,09:00:00,2020-07-07
3817,2020-07-07 10:00:00,12031.81,12115.03,12028.57,12106.68,10:00:00,2020-07-07
3818,2020-07-07 11:00:00,12106.69,12148.91,12105.25,12145.96,11:00:00,2020-07-07
3819,2020-07-07 12:00:00,12143.17,12148.62,12075.87,12095.04,12:00:00,2020-07-07
3820,2020-07-07 13:00:00,12095.18,12101.22,12089.37,12092.97,13:00:00,2020-07-07
3840,2020-07-08 09:00:00,12086.13,12172.14,12083.84,12153.72,09:00:00,2020-07-08
3841,2020-07-08 10:00:00,12156.73,12170.51,12130.24,12170.18,10:00:00,2020-07-08
3842,2020-07-08 11:00:00,12169.68,12176.75,12154.47,12169.72,11:00:00,2020-07-08
3843,2020-07-08 12:00:00,12169.64,12175.51,12152.16,12161.78,12:00:00,2020-07-08
3844,2020-07-08 13:00:00,12156.06,12190.27,12156.06,12170.19,13:00:00,2020-07-08
3864,2020-07-09 09:00:00,12222.9,12273.43,12222.9,12240.1,09:00:00,2020-07-09
3865,2020-07-09 10:00:00,12239.23,12242.92,12181.34,12197.58,10:00:00,2020-07-09
3866,2020-07-09 11:00:00,12197.29,12221.26,12192.67,12212.83,11:00:00,2020-07-09
3867,2020-07-09 12:00:00,12217.02,12225.83,12208.57,12213.27,12:00:00,2020-07-09
3868,2020-07-09 13:00:00,12213.31,12214.89,12192.69,12192.69,13:00:00,2020-07-09
3888,2020-07-10 09:00:00,12250.44,12253.58,12030.2,12100.81,09:00:00,2020-07-10
3889,2020-07-10 10:00:00,12101.24,12133.92,12096.48,12105.79,10:00:00,2020-07-10
3890,2020-07-10 11:00:00,12109.77,12135.27,12106.38,12128.67,11:00:00,2020-07-10
3891,2020-07-10 12:00:00,12128.25,12134.16,12102.17,12111.3,12:00:00,2020-07-10
3892,2020-07-10 13:00:00,12108.28,12109.84,12069.32,12073.68,13:00:00,2020-07-10
3960,2020-07-13 09:00:00,12109.61,12185.62,12109.61,12143.04,09:00:00,2020-07-13
3961,2020-07-13 10:00:00,12141.96,12193.33,12140.79,12171.86,10:00:00,2020-07-13
3962,2020-07-13 11:00:00,12171.49,12191.79,12170.1,12185.92,11:00:00,2020-07-13
3963,2020-07-13 12:00:00,12184.89,12200.95,12179.56,12197.05,12:00:00,2020-07-13
3964,2020-07-13 13:00:00,12196.01,12216.24,12192.4,12211.56,13:00:00,2020-07-13
3984,2020-07-14 09:00:00,12202.89,12228.31,12172.58,12218.97,09:00:00,2020-07-14
3985,2020-07-14 10:00:00,12216.78,12222.57,12143.91,12157.33,10:00:00,2020-07-14
3986,2020-07-14 11:00:00,12156.89,12182.35,12156.58,12171.28,11:00:00,2020-07-14
3987,2020-07-14 12:00:00,12176.49,12190.29,12159.94,12185.07,12:00:00,2020-07-14
3988,2020-07-14 13:00:00,12181.65,12223.67,12179.2,12209.01,13:00:00,2020-07-14
4008,2020-07-15 09:00:00,12233.99,12320.48,12233.99,12286.41,09:00:00,2020-07-15
4009,2020-07-15 10:00:00,12286.15,12301.87,12279.52,12289.54,10:00:00,2020-07-15
4010,2020-07-15 11:00:00,12286.17,12292.09,12162.52,12181.61,11:00:00,2020-07-15
4011,2020-07-15 12:00:00,12182.76,12243.17,12179.49,12227.31,12:00:00,2020-07-15
4012,2020-07-15 13:00:00,12227.43,12231.94,12202.85,12202.85,13:00:00,2020-07-15
4032,2020-07-16 09:00:00,12173.04,12220.93,12160.61,12198.38,09:00:00,2020-07-16
4033,2020-07-16 10:00:00,12197.74,12204.91,12135.06,12145.59,10:00:00,2020-07-16
4034,2020-07-16 11:00:00,12142.31,12157.92,12107.04,12141.25,11:00:00,2020-07-16
4035,2020-07-16 12:00:00,12145.61,12180.82,12134.13,12175.07,12:00:00,2020-07-16
4036,2020-07-16 13:00:00,12178.83,12183.24,12157.74,12157.74,13:00:00,2020-07-16
4056,2020-07-17 09:00:00,12195.72,12249.4,12174.42,12193.16,09:00:00,2020-07-17
4057,2020-07-17 10:00:00,12193.5,12266.93,12186.93,12243.41,10:00:00,2020-07-17
4058,2020-07-17 11:00:00,12243.08,12247.43,12220.93,12220.93,11:00:00,2020-07-17
4059,2020-07-17 12:00:00,12222.45,12227.49,12144.62,12177.68,12:00:00,2020-07-17
4060,2020-07-17 13:00:00,12173.19,12190.62,12173.19,12181.56,13:00:00,2020-07-17
4128,2020-07-20 09:00:00,12205.25,12221.33,12065.8,12116.99,09:00:00,2020-07-20
4129,2020-07-20 10:00:00,12112.89,12173.34,12110.43,12164.49,10:00:00,2020-07-20
4130,2020-07-20 11:00:00,12164.19,12185.71,12158.77,12180.87,11:00:00,2020-07-20
4131,2020-07-20 12:00:00,12181.03,12181.59,12153.12,12159.04,12:00:00,2020-07-20
4132,2020-07-20 13:00:00,12160.0,12187.95,12156.79,12174.54,13:00:00,2020-07-20
4152,2020-07-21 09:00:00,12242.32,12357.4,12242.32,12351.13,09:00:00,2020-07-21
4153,2020-07-21 10:00:00,12355.95,12426.6,12350.54,12422.04,10:00:00,2020-07-21
4154,2020-07-21 11:00:00,12426.91,12427.99,12396.58,12414.38,11:00:00,2020-07-21
4155,2020-07-21 12:00:00,12418.48,12450.16,12409.55,12432.51,12:00:00,2020-07-21
4156,2020-07-21 13:00:00,12429.0,12437.42,12392.78,12397.55,13:00:00,2020-07-21
4176,2020-07-22 09:00:00,12389.76,12482.81,12389.4,12426.57,09:00:00,2020-07-22
4177,2020-07-22 10:00:00,12431.26,12473.79,12422.52,12469.59,10:00:00,2020-07-22
4178,2020-07-22 11:00:00,12469.41,12486.95,12453.12,12461.95,11:00:00,2020-07-22
4179,2020-07-22 12:00:00,12456.0,12477.36,12453.59,12466.61,12:00:00,2020-07-22
4180,2020-07-22 13:00:00,12461.72,12473.27,12441.18,12473.27,13:00:00,2020-07-22
4200,2020-07-23 09:00:00,12423.02,12429.76,12378.35,12427.79,09:00:00,2020-07-23
4201,2020-07-23 10:00:00,12423.21,12428.23,12347.86,12378.59,10:00:00,2020-07-23
4202,2020-07-23 11:00:00,12373.51,12419.68,12372.57,12401.7,11:00:00,2020-07-23
4203,2020-07-23 12:00:00,12397.76,12416.82,12394.41,12412.97,12:00:00,2020-07-23
4204,2020-07-23 13:00:00,12413.69,12426.2,12409.31,12413.04,13:00:00,2020-07-23
4224,2020-07-24 09:00:00,12467.43,12474.89,12422.01,12446.79,09:00:00,2020-07-24
4225,2020-07-24 10:00:00,12446.69,12502.84,12435.7,12448.55,10:00:00,2020-07-24
4226,2020-07-24 11:00:00,12447.87,12454.37,12286.42,12312.26,11:00:00,2020-07-24
4227,2020-07-24 12:00:00,12316.31,12367.24,12266.55,12347.33,12:00:00,2020-07-24
4228,2020-07-24 13:00:00,12347.23,12352.95,12304.04,12304.04,13:00:00,2020-07-24
4296,2020-07-27 09:00:00,12618.69,12686.36,12593.69,12633.62,09:00:00,2020-07-27
4297,2020-07-27 10:00:00,12639.19,12640.36,12586.91,12612.5,10:00:00,2020-07-27
4298,2020-07-27 11:00:00,12613.18,12630.96,12613.18,12618.41,11:00:00,2020-07-27
4299,2020-07-27 12:00:00,12618.34,12619.69,12599.34,12600.77,12:00:00,2020-07-27
4300,2020-07-27 13:00:00,12599.83,12603.81,12588.3,12588.3,13:00:00,2020-07-27
4320,2020-07-28 09:00:00,12951.72,13031.7,12796.45,12822.15,09:00:00,2020-07-28
4321,2020-07-28 10:00:00,12824.32,12839.17,12642.38,12666.25,10:00:00,2020-07-28
4322,2020-07-28 11:00:00,12666.67,12725.11,12533.19,12619.23,11:00:00,2020-07-28
4323,2020-07-28 12:00:00,12620.54,12656.43,12562.03,12590.57,12:00:00,2020-07-28
4324,2020-07-28 13:00:00,12589.87,12590.5,12541.58,12586.73,13:00:00,2020-07-28
4344,2020-07-29 09:00:00,12530.74,12588.57,12488.01,12563.71,09:00:00,2020-07-29
4345,2020-07-29 10:00:00,12564.36,12636.89,12553.61,12599.07,10:00:00,2020-07-29
4346,2020-07-29 11:00:00,12597.41,12660.87,12595.38,12597.99,11:00:00,2020-07-29
4347,2020-07-29 12:00:00,12597.18,12609.67,12549.43,12550.91,12:00:00,2020-07-29
4348,2020-07-29 13:00:00,12556.0,12556.0,12514.91,12540.97,13:00:00,2020-07-29
4368,2020-07-30 09:00:00,12691.86,12769.47,12649.07,12656.19,09:00:00,2020-07-30
4369,2020-07-30 10:00:00,12655.85,12670.29,12616.83,12652.1,10:00:00,2020-07-30
4370,2020-07-30 11:00:00,12647.29,12709.86,12646.0,12701.9,11:00:00,2020-07-30
4371,2020-07-30 12:00:00,12701.37,12704.54,12685.05,12693.91,12:00:00,2020-07-30
4372,2020-07-30 13:00:00,12692.77,12722.92,12671.31,12722.92,13:00:00,2020-07-30
4392,2020-07-31 09:00:00,12653.46,12733.48,12635.71,12699.32,09:00:00,2020-07-31
4393,2020-07-31 10:00:00,12698.8,12703.93,12656.66,12677.81,10:00:00,2020-07-31
4394,2020-07-31 11:00:00,12672.74,12704.79,12655.45,12701.56,11:00:00,2020-07-31
4395,2020-07-31 12:00:00,12696.78,12720.02,12681.82,12714.58,12:00:00,2020-07-31
4396,2020-07-31 13:00:00,12720.16,12731.42,12664.8,12664.8,13:00:00,2020-07-31
4464,2020-08-03 09:00:00,12642.73,12673.02,12591.69,12608.59,09:00:00,2020-08-03
4465,2020-08-03 10:00:00,12609.16,12615.83,12513.95,12521.04,10:00:00,2020-08-03
4466,2020-08-03 11:00:00,12518.99,12564.5,12513.9,12536.72,11:00:00,2020-08-03
4467,2020-08-03 12:00:00,12531.98,12548.15,12506.59,12524.99,12:00:00,2020-08-03
4468,2020-08-03 13:00:00,12524.27,12527.15,12512.56,12513.03,13:00:00,2020-08-03
4488,2020-08-04 09:00:00,12577.88,12657.4,12577.88,12624.18,09:00:00,2020-08-04
4489,2020-08-04 10:00:00,12630.22,12653.75,12622.15,12639.47,10:00:00,2020-08-04
4490,2020-08-04 11:00:00,12639.23,12649.47,12625.95,12645.2,11:00:00,2020-08-04
4491,2020-08-04 12:00:00,12648.37,12674.58,12643.68,12668.25,12:00:00,2020-08-04
4492,2020-08-04 13:00:00,12672.08,12709.92,12666.76,12709.92,13:00:00,2020-08-04
4512,2020-08-05 09:00:00,12762.34,12816.39,12745.74,12752.01,09:00:00,2020-08-05
4513,2020-08-05 10:00:00,12747.49,12786.51,12739.99,12775.76,10:00:00,2020-08-05
4514,2020-08-05 11:00:00,12775.35,12798.6,12768.36,12793.77,11:00:00,2020-08-05
4515,2020-08-05 12:00:00,12793.47,12809.21,12782.7,12789.01,12:00:00,2020-08-05
4516,2020-08-05 13:00:00,12789.72,12809.35,12775.3,12802.3,13:00:00,2020-08-05
4536,2020-08-06 09:00:00,12894.24,12971.87,12894.24,12906.05,09:00:00,2020-08-06
4537,2020-08-06 10:00:00,12910.07,12910.07,12851.2,12865.4,10:00:00,2020-08-06
4538,2020-08-06 11:00:00,12868.82,12894.81,12852.14,12893.81,11:00:00,2020-08-06
4539,2020-08-06 12:00:00,12895.26,12901.61,12870.01,12879.76,12:00:00,2020-08-06
4540,2020-08-06 13:00:00,12879.82,12913.5,12871.79,12913.5,13:00:00,2020-08-06
4560,2020-08-07 09:00:00,12901.43,12912.63,12860.56,12872.97,09:00:00,2020-08-07
4561,2020-08-07 10:00:00,12872.2,12882.81,12791.18,12827.89,10:00:00,2020-08-07
4562,2020-08-07 11:00:00,12824.26,12833.33,12798.05,12814.69,11:00:00,2020-08-07
4563,2020-08-07 12:00:00,12810.35,12839.25,12810.12,12827.76,12:00:00,2020-08-07
4564,2020-08-07 13:00:00,12828.56,12833.57,12805.23,12828.87,13:00:00,2020-08-07
4632,2020-08-10 09:00:00,12786.8,12922.06,12786.8,12894.72,09:00:00,2020-08-10
4633,2020-08-10 10:00:00,12895.08,12933.16,12887.44,12903.41,10:00:00,2020-08-10
4634,2020-08-10 11:00:00,12907.22,12909.11,12871.32,12881.31,11:00:00,2020-08-10
4635,2020-08-10 12:00:00,12877.36,12902.77,12876.27,12897.34,12:00:00,2020-08-10
4636,2020-08-10 13:00:00,12897.0,12907.58,12892.31,12894.0,13:00:00,2020-08-10
4656,2020-08-11 09:00:00,12856.46,12887.17,12840.59,12876.58,09:00:00,2020-08-11
4657,2020-08-11 10:00:00,12876.59,12906.01,12862.61,12870.2,10:00:00,2020-08-11
4658,2020-08-11 11:00:00,12870.35,12876.01,12853.51,12866.89,11:00:00,2020-08-11
4659,2020-08-11 12:00:00,12867.76,12869.64,12794.07,12805.27,12:00:00,2020-08-11
4660,2020-08-11 13:00:00,12809.74,12816.67,12780.19,12780.19,13:00:00,2020-08-11
4680,2020-08-12 09:00:00,12713.63,12730.96,12625.54,12638.76,09:00:00,2020-08-12
4681,2020-08-12 10:00:00,12635.22,12693.34,12635.22,12687.46,10:00:00,2020-08-12
4682,2020-08-12 11:00:00,12681.05,12690.9,12664.43,12665.54,11:00:00,2020-08-12
4683,2020-08-12 12:00:00,12670.24,12691.47,12663.9,12683.16,12:00:00,2020-08-12
4684,2020-08-12 13:00:00,12682.93,12682.93,12645.45,12670.35,13:00:00,2020-08-12
4704,2020-08-13 09:00:00,12758.87,12812.8,12746.24,12753.4,09:00:00,2020-08-13
4705,2020-08-13 10:00:00,12759.22,12771.55,12737.25,12753.31,10:00:00,2020-08-13
4706,2020-08-13 11:00:00,12757.57,12762.43,12717.15,12725.11,11:00:00,2020-08-13
4707,2020-08-13 12:00:00,12724.8,12742.27,12720.42,12735.3,12:00:00,2020-08-13
4708,2020-08-13 13:00:00,12732.59,12763.13,12717.13,12763.13,13:00:00,2020-08-13
4728,2020-08-14 09:00:00,12709.97,12761.87,12679.19,12739.62,09:00:00,2020-08-14
4729,2020-08-14 10:00:00,12739.54,12780.19,12736.76,12767.72,10:00:00,2020-08-14
4730,2020-08-14 11:00:00,12767.27,12768.15,12749.31,12760.96,11:00:00,2020-08-14
4731,2020-08-14 12:00:00,12760.4,12793.02,12758.19,12785.65,12:00:00,2020-08-14
4732,2020-08-14 13:00:00,12785.27,12801.31,12780.0,12795.46,13:00:00,2020-08-14
5736,2020-09-25 09:00:00,12312.94,12385.81,12312.0,12312.0,09:00:00,2020-09-25
5737,2020-09-25 10:00:00,12312.79,12315.78,12241.26,12255.8,10:00:00,2020-09-25
5738,2020-09-25 11:00:00,12255.59,12280.46,12210.28,12218.02,11:00:00,2020-09-25
5739,2020-09-25 12:00:00,12217.49,12233.03,12149.81,12229.12,12:00:00,2020-09-25
5740,2020-09-25 13:00:00,12228.51,12251.85,12222.97,12232.91,13:00:00,2020-09-25
5808,2020-09-28 09:00:00,12282.36,12404.36,12282.36,12403.43,09:00:00,2020-09-28
5809,2020-09-28 10:00:00,12404.78,12421.37,12400.4,12415.4,10:00:00,2020-09-28
5810,2020-09-28 11:00:00,12416.09,12422.78,12403.51,12416.32,11:00:00,2020-09-28
5811,2020-09-28 12:00:00,12420.66,12436.72,12414.09,12432.33,12:00:00,2020-09-28
5812,2020-09-28 13:00:00,12428.17,12462.76,12428.17,12462.76,13:00:00,2020-09-28
5832,2020-09-29 09:00:00,12488.1,12571.34,12477.57,12497.06,09:00:00,2020-09-29
5833,2020-09-29 10:00:00,12497.01,12502.64,12439.3,12463.76,10:00:00,2020-09-29
5834,2020-09-29 11:00:00,12463.76,12469.41,12429.72,12440.87,11:00:00,2020-09-29
5835,2020-09-29 12:00:00,12440.34,12480.06,12438.77,12479.76,12:00:00,2020-09-29
5836,2020-09-29 13:00:00,12483.93,12493.27,12467.73,12467.73,13:00:00,2020-09-29
5856,2020-09-30 09:00:00,12483.65,12548.65,12466.58,12540.16,09:00:00,2020-09-30
5857,2020-09-30 10:00:00,12540.34,12568.68,12531.67,12534.38,10:00:00,2020-09-30
5858,2020-09-30 11:00:00,12539.04,12539.04,12500.97,12521.08,11:00:00,2020-09-30
5859,2020-09-30 12:00:00,12521.44,12526.37,12507.71,12523.19,12:00:00,2020-09-30
5860,2020-09-30 13:00:00,12527.4,12538.4,12515.61,12515.61,13:00:00,2020-09-30
5976,2020-10-05 09:00:00,12567.88,12637.62,12555.1,12563.79,09:00:00,2020-10-05
5977,2020-10-05 10:00:00,12568.11,12569.32,12544.24,12544.72,10:00:00,2020-10-05
5978,2020-10-05 11:00:00,12548.03,12549.47,12519.22,12521.75,11:00:00,2020-10-05
5979,2020-10-05 12:00:00,12521.76,12542.84,12519.12,12533.65,12:00:00,2020-10-05
5980,2020-10-05 13:00:00,12534.39,12554.42,12528.87,12548.28,13:00:00,2020-10-05
6000,2020-10-06 09:00:00,12644.09,12706.39,12644.09,12697.14,09:00:00,2020-10-06
6001,2020-10-06 10:00:00,12696.02,12701.67,12672.52,12678.02,10:00:00,2020-10-06
6002,2020-10-06 11:00:00,12678.08,12686.46,12672.12,12679.14,11:00:00,2020-10-06
6003,2020-10-06 12:00:00,12678.44,12685.73,12671.46,12677.03,12:00:00,2020-10-06
6004,2020-10-06 13:00:00,12677.54,12704.23,12672.56,12704.23,13:00:00,2020-10-06
6024,2020-10-07 09:00:00,12667.51,12690.62,12619.81,12684.25,09:00:00,2020-10-07
6025,2020-10-07 10:00:00,12684.01,12725.28,12684.01,12707.44,10:00:00,2020-10-07
6026,2020-10-07 11:00:00,12707.96,12740.5,12699.51,12738.15,11:00:00,2020-10-07
6027,2020-10-07 12:00:00,12737.72,12768.31,12734.11,12757.27,12:00:00,2020-10-07
6028,2020-10-07 13:00:00,12762.23,12774.36,12735.5,12746.37,13:00:00,2020-10-07
6048,2020-10-08 09:00:00,12832.54,12863.88,12818.01,12849.43,09:00:00,2020-10-08
6049,2020-10-08 10:00:00,12844.93,12874.38,12843.64,12861.42,10:00:00,2020-10-08
6050,2020-10-08 11:00:00,12862.45,12885.26,12853.6,12876.28,11:00:00,2020-10-08
6051,2020-10-08 12:00:00,12880.35,12882.73,12839.3,12849.23,12:00:00,2020-10-08
6052,2020-10-08 13:00:00,12850.56,12887.19,12850.13,12887.19,13:00:00,2020-10-08
6144,2020-10-12 09:00:00,12959.15,12997.79,12934.87,12986.56,09:00:00,2020-10-12
6145,2020-10-12 10:00:00,12986.39,12993.58,12932.62,12941.78,10:00:00,2020-10-12
6146,2020-10-12 11:00:00,12941.82,12947.97,12898.89,12924.13,11:00:00,2020-10-12
6147,2020-10-12 12:00:00,12923.9,12932.39,12910.77,12915.75,12:00:00,2020-10-12
6148,2020-10-12 13:00:00,12911.51,12955.91,12907.72,12955.91,13:00:00,2020-10-12
6168,2020-10-13 09:00:00,12988.44,12994.66,12857.1,12904.18,09:00:00,2020-10-13
6169,2020-10-13 10:00:00,12904.04,12926.31,12877.18,12890.46,10:00:00,2020-10-13
6170,2020-10-13 11:00:00,12894.49,12905.91,12891.1,12901.53,11:00:00,2020-10-13
6171,2020-10-13 12:00:00,12901.24,12933.02,12897.52,12923.14,12:00:00,2020-10-13
6172,2020-10-13 13:00:00,12923.72,12947.13,12911.85,12947.13,13:00:00,2020-10-13
6192,2020-10-14 09:00:00,12927.09,12960.0,12909.44,12918.02,09:00:00,2020-10-14
6193,2020-10-14 10:00:00,12918.81,12943.42,12908.39,12920.88,10:00:00,2020-10-14
6194,2020-10-14 11:00:00,12920.36,12933.82,12913.86,12924.92,11:00:00,2020-10-14
6195,2020-10-14 12:00:00,12924.5,12930.69,12908.0,12912.4,12:00:00,2020-10-14
6196,2020-10-14 13:00:00,12916.12,12919.31,12895.79,12919.31,13:00:00,2020-10-14
6216,2020-10-15 09:00:00,12892.29,12909.11,12849.42,12856.13,09:00:00,2020-10-15
6217,2020-10-15 10:00:00,12860.11,12860.45,12788.19,12793.92,10:00:00,2020-10-15
6218,2020-10-15 11:00:00,12789.23,12824.0,12786.26,12820.98,11:00:00,2020-10-15
6219,2020-10-15 12:00:00,12820.14,12864.09,12819.06,12851.13,12:00:00,2020-10-15
6220,2020-10-15 13:00:00,12846.73,12851.14,12827.82,12827.82,13:00:00,2020-10-15
6240,2020-10-16 09:00:00,12814.16,12861.73,12792.97,12828.99,09:00:00,2020-10-16
6241,2020-10-16 10:00:00,12828.99,12896.3,12828.51,12877.71,10:00:00,2020-10-16
6242,2020-10-16 11:00:00,12877.83,12886.59,12834.93,12837.68,11:00:00,2020-10-16
6243,2020-10-16 12:00:00,12837.72,12841.86,12760.63,12765.51,12:00:00,2020-10-16
6244,2020-10-16 13:00:00,12765.75,12775.98,12750.37,12750.37,13:00:00,2020-10-16
6312,2020-10-19 09:00:00,12803.32,12894.79,12803.32,12881.91,09:00:00,2020-10-19
6313,2020-10-19 10:00:00,12881.81,12898.4,12877.39,12885.56,10:00:00,2020-10-19
6314,2020-10-19 11:00:00,12884.81,12894.94,12861.93,12873.75,11:00:00,2020-10-19
6315,2020-10-19 12:00:00,12873.94,12898.82,12872.41,12891.15,12:00:00,2020-10-19
6316,2020-10-19 13:00:00,12891.43,12911.41,12884.88,12908.34,13:00:00,2020-10-19
6336,2020-10-20 09:00:00,12889.99,12917.75,12864.88,12866.36,09:00:00,2020-10-20
6337,2020-10-20 10:00:00,12866.94,12892.34,12866.48,12891.08,10:00:00,2020-10-20
6338,2020-10-20 11:00:00,12886.42,12901.43,12880.0,12892.33,11:00:00,2020-10-20
6339,2020-10-20 12:00:00,12888.44,12895.91,12873.97,12878.06,12:00:00,2020-10-20
6340,2020-10-20 13:00:00,12877.74,12887.82,12862.37,12862.37,13:00:00,2020-10-20
6360,2020-10-21 09:00:00,12889.88,12942.12,12889.88,12933.6,09:00:00,2020-10-21
6361,2020-10-21 10:00:00,12933.14,12936.25,12895.73,12903.52,10:00:00,2020-10-21
6362,2020-10-21 11:00:00,12908.01,12908.01,12887.0,12893.87,11:00:00,2020-10-21
6363,2020-10-21 12:00:00,12895.58,12905.89,12885.91,12895.41,12:00:00,2020-10-21
6364,2020-10-21 13:00:00,12900.47,12900.47,12846.42,12877.25,13:00:00,2020-10-21
6384,2020-10-22 09:00:00,12854.97,12889.77,12842.09,12871.08,09:00:00,2020-10-22
6385,2020-10-22 10:00:00,12871.6,12875.96,12827.4,12855.43,10:00:00,2020-10-22
6386,2020-10-22 11:00:00,12851.18,12863.98,12841.57,12846.64,11:00:00,2020-10-22
6387,2020-10-22 12:00:00,12846.82,12867.8,12838.16,12860.56,12:00:00,2020-10-22
6388,2020-10-22 13:00:00,12866.01,12917.03,12859.34,12917.03,13:00:00,2020-10-22
6408,2020-10-23 09:00:00,12945.12,12963.26,12878.97,12882.27,09:00:00,2020-10-23
6409,2020-10-23 10:00:00,12881.56,12905.22,12875.23,12900.79,10:00:00,2020-10-23
6410,2020-10-23 11:00:00,12902.0,12911.9,12895.11,12905.03,11:00:00,2020-10-23
6411,2020-10-23 12:00:00,12903.35,12912.88,12895.8,12896.9,12:00:00,2020-10-23
6412,2020-10-23 13:00:00,12898.55,12912.73,12896.67,12898.82,13:00:00,2020-10-23
6480,2020-10-26 09:00:00,12923.55,12971.58,12894.18,12916.66,09:00:00,2020-10-26
6481,2020-10-26 10:00:00,12917.15,12944.85,12911.82,12931.88,10:00:00,2020-10-26
6482,2020-10-26 11:00:00,12932.7,12940.52,12921.3,12922.56,11:00:00,2020-10-26
6483,2020-10-26 12:00:00,12922.58,12928.39,12908.83,12914.59,12:00:00,2020-10-26
6484,2020-10-26 13:00:00,12908.35,12919.98,12908.02,12909.03,13:00:00,2020-10-26
6504,2020-10-27 09:00:00,12867.77,12867.77,12821.07,12859.35,09:00:00,2020-10-27
6505,2020-10-27 10:00:00,12865.05,12883.79,12858.41,12878.64,10:00:00,2020-10-27
6506,2020-10-27 11:00:00,12874.14,12879.04,12859.25,12862.91,11:00:00,2020-10-27
6507,2020-10-27 12:00:00,12863.88,12871.72,12853.95,12864.28,12:00:00,2020-10-27
6508,2020-10-27 13:00:00,12864.77,12884.32,12864.77,12875.01,13:00:00,2020-10-27
6528,2020-10-28 09:00:00,12853.76,12879.98,12844.7,12845.73,09:00:00,2020-10-28
6529,2020-10-28 10:00:00,12845.98,12854.02,12819.08,12831.95,10:00:00,2020-10-28
6530,2020-10-28 11:00:00,12832.48,12835.11,12797.97,12805.02,11:00:00,2020-10-28
6531,2020-10-28 12:00:00,12804.21,12811.6,12797.88,12804.41,12:00:00,2020-10-28
6532,2020-10-28 13:00:00,12804.21,12804.21,12761.33,12793.75,13:00:00,2020-10-28
6552,2020-10-29 09:00:00,12687.64,12687.64,12583.37,12680.46,09:00:00,2020-10-29
6553,2020-10-29 10:00:00,12680.41,12699.82,12664.49,12670.2,10:00:00,2020-10-29
6554,2020-10-29 11:00:00,12664.78,12671.03,12637.45,12652.11,11:00:00,2020-10-29
6555,2020-10-29 12:00:00,12655.92,12686.48,12649.46,12684.63,12:00:00,2020-10-29
6556,2020-10-29 13:00:00,12686.72,12686.72,12658.47,12662.91,13:00:00,2020-10-29
6576,2020-10-30 09:00:00,12651.35,12656.29,12557.0,12624.22,09:00:00,2020-10-30
6577,2020-10-30 10:00:00,12624.35,12630.0,12596.19,12608.61,10:00:00,2020-10-30
6578,2020-10-30 11:00:00,12608.16,12633.39,12606.03,12618.24,11:00:00,2020-10-30
6579,2020-10-30 12:00:00,12618.77,12630.93,12593.86,12596.09,12:00:00,2020-10-30
6580,2020-10-30 13:00:00,12600.35,12601.61,12546.34,12546.34,13:00:00,2020-10-30
6648,2020-11-02 09:00:00,12565.32,12594.34,12497.6,12522.59,09:00:00,2020-11-02
6649,2020-11-02 10:00:00,12521.9,12522.69,12480.66,12504.86,10:00:00,2020-11-02
6650,2020-11-02 11:00:00,12505.29,12521.3,12496.33,12502.29,11:00:00,2020-11-02
6651,2020-11-02 12:00:00,12501.72,12536.88,12496.95,12527.36,12:00:00,2020-11-02
6652,2020-11-02 13:00:00,12526.15,12591.31,12526.15,12591.31,13:00:00,2020-11-02
6672,2020-11-03 09:00:00,12641.28,12714.47,12641.28,12708.04,09:00:00,2020-11-03
6673,2020-11-03 10:00:00,12711.73,12760.14,12702.75,12755.22,10:00:00,2020-11-03
6674,2020-11-03 11:00:00,12754.29,12759.3,12723.14,12731.5,11:00:00,2020-11-03
6675,2020-11-03 12:00:00,12731.7,12732.49,12713.26,12714.51,12:00:00,2020-11-03
6676,2020-11-03 13:00:00,12719.17,12736.01,12716.5,12736.01,13:00:00,2020-11-03
6696,2020-11-04 09:00:00,12766.86,12800.52,12736.02,12795.27,09:00:00,2020-11-04
6697,2020-11-04 10:00:00,12795.18,12795.18,12744.15,12760.67,10:00:00,2020-11-04
6698,2020-11-04 11:00:00,12760.96,12885.28,12759.55,12874.76,11:00:00,2020-11-04
6699,2020-11-04 12:00:00,12868.41,12876.53,12836.78,12850.61,12:00:00,2020-11-04
6700,2020-11-04 13:00:00,12850.25,12879.45,12850.25,12867.9,13:00:00,2020-11-04
6720,2020-11-05 09:00:00,12878.01,12918.05,12850.05,12901.72,09:00:00,2020-11-05
6721,2020-11-05 10:00:00,12905.46,12909.99,12840.4,12856.68,10:00:00,2020-11-05
6722,2020-11-05 11:00:00,12862.47,12902.5,12854.56,12893.93,11:00:00,2020-11-05
6723,2020-11-05 12:00:00,12894.32,12907.69,12878.41,12894.21,12:00:00,2020-11-05
6724,2020-11-05 13:00:00,12894.67,12918.8,12879.98,12918.8,13:00:00,2020-11-05
6744,2020-11-06 09:00:00,12952.49,12991.95,12952.49,12986.15,09:00:00,2020-11-06
6745,2020-11-06 10:00:00,12988.87,12999.16,12977.35,12994.45,10:00:00,2020-11-06
6746,2020-11-06 11:00:00,12994.93,12997.93,12945.09,12945.31,11:00:00,2020-11-06
6747,2020-11-06 12:00:00,12938.84,12958.13,12927.3,12944.23,12:00:00,2020-11-06
6748,2020-11-06 13:00:00,12944.01,12973.53,12933.77,12973.53,13:00:00,2020-11-06
6816,2020-11-09 09:00:00,13053.98,13149.9,13053.98,13101.55,09:00:00,2020-11-09
6817,2020-11-09 10:00:00,13106.24,13117.38,13048.67,13058.2,10:00:00,2020-11-09
6818,2020-11-09 11:00:00,13062.71,13087.02,13056.71,13085.97,11:00:00,2020-11-09
6819,2020-11-09 12:00:00,13086.11,13096.0,13080.99,13095.77,12:00:00,2020-11-09
6820,2020-11-09 13:00:00,13091.13,13127.47,13091.13,13127.47,13:00:00,2020-11-09
6840,2020-11-10 09:00:00,13090.65,13142.22,13080.25,13122.54,09:00:00,2020-11-10
6841,2020-11-10 10:00:00,13122.91,13141.45,13088.57,13096.85,10:00:00,2020-11-10
6842,2020-11-10 11:00:00,13097.18,13103.87,13061.93,13071.15,11:00:00,2020-11-10
6843,2020-11-10 12:00:00,13067.55,13074.7,13022.92,13067.83,12:00:00,2020-11-10
6844,2020-11-10 13:00:00,13067.49,13081.72,13061.55,13081.72,13:00:00,2020-11-10
6864,2020-11-11 09:00:00,13067.04,13153.2,13067.04,13152.72,09:00:00,2020-11-11
6865,2020-11-11 10:00:00,13153.5,13212.24,13146.53,13190.06,10:00:00,2020-11-11
6866,2020-11-11 11:00:00,13184.53,13212.98,13184.53,13210.51,11:00:00,2020-11-11
6867,2020-11-11 12:00:00,13210.57,13236.33,13203.55,13224.58,12:00:00,2020-11-11
6868,2020-11-11 13:00:00,13224.02,13262.19,13224.02,13262.19,13:00:00,2020-11-11
6888,2020-11-12 09:00:00,13324.86,13324.86,13238.08,13257.94,09:00:00,2020-11-12
6889,2020-11-12 10:00:00,13257.0,13265.99,13223.85,13254.03,10:00:00,2020-11-12
6890,2020-11-12 11:00:00,13253.62,13257.8,13231.59,13241.46,11:00:00,2020-11-12
6891,2020-11-12 12:00:00,13241.74,13250.07,13195.0,13196.29,12:00:00,2020-11-12
6892,2020-11-12 13:00:00,13200.63,13222.24,13193.74,13221.78,13:00:00,2020-11-12
6912,2020-11-13 09:00:00,13221.8,13231.57,13172.84,13183.3,09:00:00,2020-11-13
6913,2020-11-13 10:00:00,13183.25,13225.28,13170.12,13222.82,10:00:00,2020-11-13
6914,2020-11-13 11:00:00,13219.52,13247.78,13211.31,13247.78,11:00:00,2020-11-13
6915,2020-11-13 12:00:00,13242.59,13257.7,13227.53,13253.68,12:00:00,2020-11-13
6916,2020-11-13 13:00:00,13255.88,13273.33,13241.12,13273.33,13:00:00,2020-11-13
6984,2020-11-16 09:00:00,13356.74,13459.16,13356.74,13444.12,09:00:00,2020-11-16
6985,2020-11-16 10:00:00,13448.11,13469.24,13440.39,13452.1,10:00:00,2020-11-16
6986,2020-11-16 11:00:00,13454.86,13491.43,13436.51,13489.84,11:00:00,2020-11-16
6987,2020-11-16 12:00:00,13486.64,13540.92,13486.07,13531.21,12:00:00,2020-11-16
6988,2020-11-16 13:00:00,13526.89,13551.83,13526.89,13551.83,13:00:00,2020-11-16
7008,2020-11-17 09:00:00,13723.77,13780.12,13625.42,13628.19,09:00:00,2020-11-17
7009,2020-11-17 10:00:00,13626.26,13642.29,13596.05,13617.33,10:00:00,2020-11-17
7010,2020-11-17 11:00:00,13612.68,13654.97,13612.3,13635.79,11:00:00,2020-11-17
7011,2020-11-17 12:00:00,13637.53,13642.83,13611.46,13625.8,12:00:00,2020-11-17
7012,2020-11-17 13:00:00,13625.75,13631.8,13593.01,13593.01,13:00:00,2020-11-17
7032,2020-11-18 09:00:00,13628.42,13686.5,13608.72,13665.28,09:00:00,2020-11-18
7033,2020-11-18 10:00:00,13669.39,13683.59,13647.64,13673.63,10:00:00,2020-11-18
7034,2020-11-18 11:00:00,13673.52,13742.79,13671.59,13727.61,11:00:00,2020-11-18
7035,2020-11-18 12:00:00,13725.49,13759.99,13706.98,13725.9,12:00:00,2020-11-18
7036,2020-11-18 13:00:00,13724.49,13773.29,13724.49,13773.29,13:00:00,2020-11-18
7056,2020-11-19 09:00:00,13775.26,13785.92,13707.93,13750.69,09:00:00,2020-11-19
7057,2020-11-19 10:00:00,13754.89,13758.8,13714.06,13714.06,10:00:00,2020-11-19
7058,2020-11-19 11:00:00,13714.29,13730.13,13700.04,13729.2,11:00:00,2020-11-19
7059,2020-11-19 12:00:00,13724.26,13733.63,13718.46,13724.96,12:00:00,2020-11-19
7060,2020-11-19 13:00:00,13724.72,13725.12,13709.21,13722.43,13:00:00,2020-11-19
7080,2020-11-20 09:00:00,13702.59,13717.13,13666.07,13701.87,09:00:00,2020-11-20
7081,2020-11-20 10:00:00,13706.74,13707.23,13676.75,13688.12,10:00:00,2020-11-20
7082,2020-11-20 11:00:00,13688.04,13726.22,13681.94,13709.67,11:00:00,2020-11-20
7083,2020-11-20 12:00:00,13709.0,13717.04,13696.74,13713.93,12:00:00,2020-11-20
7084,2020-11-20 13:00:00,13712.95,13716.44,13701.68,13716.44,13:00:00,2020-11-20
7152,2020-11-23 09:00:00,13793.55,13921.16,13793.55,13870.63,09:00:00,2020-11-23
7153,2020-11-23 10:00:00,13866.32,13873.82,13818.45,13837.88,10:00:00,2020-11-23
7154,2020-11-23 11:00:00,13840.71,13865.9,13836.01,13844.28,11:00:00,2020-11-23
7155,2020-11-23 12:00:00,13844.35,13856.85,13838.97,13844.11,12:00:00,2020-11-23
7156,2020-11-23 13:00:00,13844.33,13878.01,13842.87,13878.01,13:00:00,2020-11-23
7176,2020-11-24 09:00:00,13918.84,13951.17,13825.65,13856.81,09:00:00,2020-11-24
7177,2020-11-24 10:00:00,13852.85,13885.29,13847.74,13862.71,10:00:00,2020-11-24
7178,2020-11-24 11:00:00,13867.98,13867.98,13847.1,13852.59,11:00:00,2020-11-24
7179,2020-11-24 12:00:00,13851.93,13854.58,13798.32,13805.03,12:00:00,2020-11-24
7180,2020-11-24 13:00:00,13804.89,13814.8,13799.39,13807.13,13:00:00,2020-11-24
7200,2020-11-25 09:00:00,13860.95,13893.2,13849.58,13855.71,09:00:00,2020-11-25
7201,2020-11-25 10:00:00,13857.04,13869.12,13802.79,13805.85,10:00:00,2020-11-25
7202,2020-11-25 11:00:00,13801.06,13809.77,13731.81,13760.67,11:00:00,2020-11-25
7203,2020-11-25 12:00:00,13756.33,13765.55,13736.55,13755.04,12:00:00,2020-11-25
7204,2020-11-25 13:00:00,13754.07,13768.44,13738.25,13738.83,13:00:00,2020-11-25
7224,2020-11-26 09:00:00,13763.79,13827.01,13763.79,13825.32,09:00:00,2020-11-26
7225,2020-11-26 10:00:00,13825.59,13856.76,13820.73,13850.46,10:00:00,2020-11-26
7226,2020-11-26 11:00:00,13849.97,13852.56,13796.49,13802.44,11:00:00,2020-11-26
7227,2020-11-26 12:00:00,13797.42,13833.57,13792.37,13833.05,12:00:00,2020-11-26
7228,2020-11-26 13:00:00,13828.63,13845.66,13820.36,13845.66,13:00:00,2020-11-26
7248,2020-11-27 09:00:00,13833.21,13857.05,13817.6,13837.96,09:00:00,2020-11-27
7249,2020-11-27 10:00:00,13838.01,13846.42,13811.81,13831.42,10:00:00,2020-11-27
7250,2020-11-27 11:00:00,13830.88,13873.47,13823.57,13873.19,11:00:00,2020-11-27
7251,2020-11-27 12:00:00,13873.89,13885.01,13859.71,13859.71,12:00:00,2020-11-27
7252,2020-11-27 13:00:00,13859.44,13881.81,13841.73,13867.09,13:00:00,2020-11-27
7752,2020-12-18 09:00:00,14268.13,14329.12,14268.13,14307.24,09:00:00,2020-12-18
7753,2020-12-18 10:00:00,14314.6,14322.7,14260.84,14278.26,10:00:00,2020-12-18
7754,2020-12-18 11:00:00,14278.94,14288.26,14267.63,14276.08,11:00:00,2020-12-18
7755,2020-12-18 12:00:00,14275.54,14286.4,14249.18,14253.35,12:00:00,2020-12-18
7756,2020-12-18 13:00:00,14253.95,14266.61,14245.6,14249.96,13:00:00,2020-12-18
7824,2020-12-21 09:00:00,14273.79,14300.92,14166.89,14226.54,09:00:00,2020-12-21
7825,2020-12-21 10:00:00,14217.68,14303.65,14216.63,14302.3,10:00:00,2020-12-21
7826,2020-12-21 11:00:00,14303.95,14339.2,14293.28,14337.32,11:00:00,2020-12-21
7827,2020-12-21 12:00:00,14337.37,14378.16,14328.18,14351.11,12:00:00,2020-12-21
7828,2020-12-21 13:00:00,14360.37,14384.96,14351.83,14384.96,13:00:00,2020-12-21
7848,2020-12-22 09:00:00,14348.11,14391.85,14302.87,14365.88,09:00:00,2020-12-22
7849,2020-12-22 10:00:00,14366.41,14411.93,14346.63,14386.71,10:00:00,2020-12-22
7850,2020-12-22 11:00:00,14393.15,14397.35,14355.78,14370.25,11:00:00,2020-12-22
7851,2020-12-22 12:00:00,14362.08,14371.02,14286.13,14295.47,12:00:00,2020-12-22
7852,2020-12-22 13:00:00,14296.18,14296.87,14175.69,14177.46,13:00:00,2020-12-22
7872,2020-12-23 09:00:00,14180.7,14227.37,14134.87,14206.64,09:00:00,2020-12-23
7873,2020-12-23 10:00:00,14214.04,14214.04,14172.94,14189.61,10:00:00,2020-12-23
7874,2020-12-23 11:00:00,14188.54,14212.24,14181.49,14196.02,11:00:00,2020-12-23
7875,2020-12-23 12:00:00,14195.94,14246.57,14194.89,14229.52,12:00:00,2020-12-23
7876,2020-12-23 13:00:00,14229.91,14247.79,14218.33,14223.09,13:00:00,2020-12-23
7896,2020-12-24 09:00:00,14256.29,14309.11,14256.29,14286.73,09:00:00,2020-12-24
7897,2020-12-24 10:00:00,14286.91,14324.42,14279.79,14299.01,10:00:00,2020-12-24
7898,2020-12-24 11:00:00,14299.17,14315.68,14286.67,14300.07,11:00:00,2020-12-24
7899,2020-12-24 12:00:00,14300.38,14310.18,14273.04,14276.85,12:00:00,2020-12-24
7900,2020-12-24 13:00:00,14276.42,14291.4,14263.02,14280.28,13:00:00,2020-12-24
7920,2020-12-25 09:00:00,14306.98,14400.83,14306.98,14377.93,09:00:00,2020-12-25
7921,2020-12-25 10:00:00,14377.61,14394.53,14364.7,14389.85,10:00:00,2020-12-25
7922,2020-12-25 11:00:00,14390.01,14400.77,14296.97,14323.78,11:00:00,2020-12-25
7923,2020-12-25 12:00:00,14314.79,14336.23,14300.42,14325.26,12:00:00,2020-12-25
7924,2020-12-25 13:00:00,14323.96,14340.7,14312.73,14331.42,13:00:00,2020-12-25
7992,2020-12-28 09:00:00,14363.45,14444.41,14363.45,14430.69,09:00:00,2020-12-28
7993,2020-12-28 10:00:00,14431.38,14463.17,14423.58,14438.06,10:00:00,2020-12-28
7994,2020-12-28 11:00:00,14446.77,14459.18,14429.52,14443.17,11:00:00,2020-12-28
7995,2020-12-28 12:00:00,14434.79,14476.19,14432.9,14465.95,12:00:00,2020-12-28
7996,2020-12-28 13:00:00,14466.64,14483.07,14462.83,14483.07,13:00:00,2020-12-28
8016,2020-12-29 09:00:00,14500.91,14547.07,14467.6,14472.99,09:00:00,2020-12-29
8017,2020-12-29 10:00:00,14471.61,14476.12,14437.01,14468.34,10:00:00,2020-12-29
8018,2020-12-29 11:00:00,14468.02,14488.03,14457.4,14475.64,11:00:00,2020-12-29
8019,2020-12-29 12:00:00,14475.96,14475.96,14435.03,14459.8,12:00:00,2020-12-29
8020,2020-12-29 13:00:00,14459.2,14472.05,14444.71,14472.05,13:00:00,2020-12-29
8040,2020-12-30 09:00:00,14485.97,14555.49,14476.69,14549.99,09:00:00,2020-12-30
8041,2020-12-30 10:00:00,14549.67,14572.96,14537.2,14563.53,10:00:00,2020-12-30
8042,2020-12-30 11:00:00,14564.18,14593.69,14560.78,14582.84,11:00:00,2020-12-30
8043,2020-12-30 12:00:00,14582.98,14615.26,14575.36,14602.13,12:00:00,2020-12-30
8044,2020-12-30 13:00:00,14601.96,14695.44,14601.96,14687.7,13:00:00,2020-12-30
8064,2020-12-31 09:00:00,14704.53,14760.06,14659.76,14719.57,09:00:00,2020-12-31
8065,2020-12-31 10:00:00,14718.97,14728.95,14646.33,14674.53,10:00:00,2020-12-31
8066,2020-12-31 11:00:00,14674.21,14717.16,14665.26,14716.25,11:00:00,2020-12-31
8067,2020-12-31 12:00:00,14707.59,14724.67,14686.29,14714.56,12:00:00,2020-12-31
8068,2020-12-31 13:00:00,14712.33,14732.53,14701.61,14732.53,13:00:00,2020-12-31
